Handle,Title,Body (HTML),Vendor,Type,Tags,Published,Option1 Name,Option1 Value,Variant SKU,Variant Grams,Variant Inventory Tracker,Variant Inventory Qty,Variant Inventory Policy,Variant Fulfillment Service,Variant Price,Variant Compare At Price,Variant Requires Shipping,Variant Taxable,Variant Weight Unit,Image Src,Image Position,Image Alt Text,SEO Title,SEO Description,Status,Metafield: custom.linha_tecnica [single_line_text_field],Metafield: custom.componentes [list.single_line_text_field],Metafield: custom.para [single_line_text_field]
pipa-estrelas-rosa,Pipa Estrelas Rosa,"<p>Pipa artesanal em papel de seda, com estampa de estrelas em degradê rosa e estrutura de vara de bambu.</p><p>É das que sobem com pouco vento. O papel de seda é leve o suficiente para levantar com uma brisa que mal se sente na cara, e a estrutura em cruz mantém-na estável sem exigir correcções constantes na linha. Perdoa os erros de quem está a aprender: se mergulhar, tende a recuperar sozinha assim que a linha alivia.</p><p>É a pipa certa para a primeira tarde, para levar com crianças, ou para quem quer simplesmente pôr uma coisa no ar e ficar a olhar. Em vento forte não é a melhor escolha — o papel de seda rasga, e aí compensa a laminada.</p><p><strong>Material:</strong> papel de seda e vara de bambu<br><strong>Vento ideal:</strong> fraco a moderado, 5 a 15 km/h<br><strong>Tamanhos:</strong> 60 cm e 75 cm de envergadura</p><p>Vem com a linha de armação já montada. A linha de voo e a rabiola vendem-se à parte — e a rabiola faz diferença assim que o vento fica irregular.</p>",Ventos do Norte,Pipas,"Pipas, Iniciante, Papel de seda",FALSE,Tamanho,Média — 60 cm,VDN-PIPA-EST-60,90,shopify,24,deny,manual,6.90,,TRUE,TRUE,g,SUBSTITUIR_PELO_URL_DO_ADMIN/pipa-estrelas-rosa-recorte.jpg,1,"Pipa de papel de seda com estampa de estrelas rosa, fundo branco",Pipa Estrelas Rosa em papel de seda | Ventos do Norte,"Pipa artesanal de papel de seda, leve e fácil de subir. Sobe com vento fraco. Envio de Portugal em 24–48h.",draft,Papel de seda · vento fraco,,
pipa-estrelas-rosa,,,,,,,,Grande — 75 cm,VDN-PIPA-EST-75,90,shopify,18,deny,manual,8.90,,TRUE,TRUE,g,,,,,,,,,
pipa-caveira-neon,Pipa Caveira Neon,"<p>Pipa de papel de seda com caveira encapuzada em rosa neon sobre fundo escuro, e as bordas reforçadas com fita adesiva em toda a volta.</p><p>A fita nas bordas muda o comportamento: a pipa fica mais rígida, responde ao puxão quase de imediato e vira num espaço curto. Em contrapartida exige mão — se se puxar a linha com força em vento forte, ela sobe depressa e sai da posição. É uma pipa que se pilota, não uma que se larga.</p><p>Para quem já domina o básico e quer começar a fazer curvas de propósito, em vez de as apanhar por acidente. Também é a que aguenta mais tardes: o reforço das bordas é onde uma pipa de papel costuma ceder primeiro.</p><p><strong>Material:</strong> papel de seda e vara de bambu<br><strong>Reforço:</strong> fita em todo o perímetro<br><strong>Vento ideal:</strong> moderado, 12 a 25 km/h</p><p>As bordas reforçadas aumentam a durabilidade, mas nenhuma pipa de papel gosta de chuva. Se apanhar humidade, deixa secar aberta antes de guardar.</p>",Ventos do Norte,Pipas,"Pipas, Intermédio, Papel de seda",FALSE,Tamanho,Média — 60 cm,VDN-PIPA-CAV-60,95,shopify,20,deny,manual,7.90,,TRUE,TRUE,g,SUBSTITUIR_PELO_URL_DO_ADMIN/pipa-caveira-neon.jpg,1,"Pipa de papel de seda com caveira encapuzada em rosa neon, fundo branco",Pipa Caveira Neon com bordas reforçadas | Ventos do Norte,Pipa de papel de seda com caveira neon e bordas reforçadas. Resposta rápida em vento moderado.,draft,Papel de seda · bordas reforçadas,,
pipa-caveira-neon,,,,,,,,Grande — 75 cm,VDN-PIPA-CAV-75,95,shopify,14,deny,manual,9.90,,TRUE,TRUE,g,,,,,,,,,
pipa-ilustrada,Pipa Ilustrada,"<p>Pipa em plástico laminado com estampa colorida de página inteira e estrutura de bambu.</p><p>O laminado é o que a distingue: não rasga com a mesma facilidade do papel e não se estraga se apanhar humidade ou cair na areia molhada. Voa um pouco mais pesada do que uma de papel de seda, o que na prática significa que precisa de um pouco mais de vento para levantar — mas aguenta muito melhor uma tarde de praia.</p><p>É a escolha para os mais novos e para quem vai levar a pipa para sítios onde ela vai apanhar. Também é a mais barata do catálogo, o que ajuda quando se leva mais do que uma.</p><p><strong>Material:</strong> plástico laminado e vara de bambu<br><strong>Vento ideal:</strong> fraco a moderado, 8 a 20 km/h<br><strong>Resistência:</strong> à humidade e à areia</p><p>A estampa é sortida dentro da cor escolhida — cada envio pode trazer um desenho diferente. A estrutura e o desempenho são iguais em todas.</p>",Ventos do Norte,Pipas,"Pipas, Crianças, Laminada",FALSE,Cor,Multicolor,VDN-PIPA-ILU-MUL,80,shopify,30,deny,manual,5.90,,TRUE,TRUE,g,SUBSTITUIR_PELO_URL_DO_ADMIN/pipa-personagem-gato.jpg,1,"Pipa ilustrada em plástico laminado, fundo branco",Pipa Ilustrada em plástico laminado | Ventos do Norte,"Pipa colorida em plástico laminado, resistente à humidade. Estampa sortida. Ideal para os mais novos.",draft,Plástico laminado · estampa sortida,,
pipa-ilustrada,,,,,,,,Azul,VDN-PIPA-ILU-AZU,80,shopify,22,deny,manual,5.90,,TRUE,TRUE,g,,,,,,,,,
pipa-ilustrada,,,,,,,,Rosa,VDN-PIPA-ILU-ROS,80,shopify,22,deny,manual,5.90,,TRUE,TRUE,g,,,,,,,,,
pipa-ilustrada,,,,,,,,,,,,,,,,,,,,SUBSTITUIR_PELO_URL_DO_ADMIN/pipa-personagem-heroi.jpg,2,,,,,,,
pipa-ilustrada,,,,,,,,,,,,,,,,,,,,SUBSTITUIR_PELO_URL_DO_ADMIN/pipa-personagem-palhaco.jpg,3,,,,,,,
pipa-ilustrada,,,,,,,,,,,,,,,,,,,,SUBSTITUIR_PELO_URL_DO_ADMIN/pipa-personagem-amarelos.jpg,4,,,,,,,
linha-encerada,Linha Encerada para Pipa,"<p>Linha de voo em algodão encerado, o fio que liga a mão à pipa.</p><p>A cera faz duas coisas. Reduz o atrito, e por isso a linha corre solta no carretel em vez de prender e dar solavancos — o que se nota logo na primeira soltada. E sela as fibras do algodão, o que impede que a linha desfie quando roça na aresta de um telhado ou num ramo. Ao contrário do nylon, tem pouca elasticidade: o que a pipa faz sente-se na mão quase sem atraso.</p><p>Não confundir com a linha de armação, que já vem montada na pipa e serve só para lhe dar forma. Esta é a que se compra à parte e se enrola no carretel.</p><p><strong>Material:</strong> algodão encerado<br><strong>Comprimentos:</strong> 250, 500 e 1000 metros<br><strong>Elasticidade:</strong> baixa — resposta directa</p><p><strong>Não vendemos linha com cerol.</strong> Linha com vidro moído corta pessoas em motos e bicicletas, mata todos os anos no Brasil e é crime. Aqui não entra, em tamanho nenhum.</p>",Ventos do Norte,Linhas,"Linhas, Encerada, Acessórios",FALSE,Comprimento,250 m,VDN-LINHA-ENC-250,200,shopify,40,deny,manual,6.50,,TRUE,TRUE,g,,,,Linha Encerada para Pipa — 250 a 1000 m | Ventos do Norte,"Linha de algodão encerado, baixo atrito e resistente. Em 250, 500 e 1000 metros. Envio de Portugal em 24–48h.",draft,Algodão encerado · baixo atrito,,
linha-encerada,,,,,,,,500 m,VDN-LINHA-ENC-500,200,shopify,30,deny,manual,10.90,,TRUE,TRUE,g,,,,,,,,,
linha-encerada,,,,,,,,1000 m,VDN-LINHA-ENC-1000,200,shopify,18,deny,manual,18.90,,TRUE,TRUE,g,,,,,,,,,
carretel-madeira,Carretel de Madeira Estampado,"<p>Carretel em madeira compensada, com furos de alívio nas faces e estampa pintada à mão, uma a uma.</p><p>Numa tarde inteira é o carretel que faz a diferença, não a pipa. Um que rode solto poupa o pulso e evita o pior problema de todos: a linha a prender a meio de uma soltada, com a pipa a puxar do outro lado. Os furos não são decoração — tiram peso e deixam a mão agarrar melhor quando a linha está toda fora.</p><p>O de 18 cm chega para 250 metros e é mais fácil de segurar por quem tem mãos pequenas. O de 24 cm leva 500 metros e é o que se usa quando se quer mesmo mandar a pipa longe.</p><p><strong>Material:</strong> madeira compensada<br><strong>Capacidade:</strong> até 250 m (18 cm) ou 500 m (24 cm)<br><strong>Acabamento:</strong> pintado à mão</p><p>Cada carretel é pintado à mão — a estampa que recebes não é exactamente igual à da fotografia. É a mesma técnica, não é a mesma pintura.</p>",Ventos do Norte,Carretéis,"Carretéis, Madeira, Acessórios",FALSE,Tamanho,Pequeno — 18 cm,VDN-CARR-MAD-18,380,shopify,16,deny,manual,14.90,,TRUE,TRUE,g,,,,Carretel de Madeira Estampado para Pipa | Ventos do Norte,Carretel de madeira com furos de alívio e estampa pintada à mão. Comporta até 500 m de linha.,draft,Madeira compensada · até 500 m,,
carretel-madeira,,,,,,,,Grande — 24 cm,VDN-CARR-MAD-24,380,shopify,10,deny,manual,19.90,,TRUE,TRUE,g,,,,,,,,,
rabiola-colorida,Rabiola Colorida,"<p>Rabiola em fita de polipropileno, presa na ponta inferior da pipa.</p><p>Se a pipa roda sobre si mesma, oscila de um lado para o outro ou mergulha sem aviso, o problema quase nunca é falta de jeito — é falta de rabiola. A fita arrasta no ar e puxa a ponta de baixo para trás, o que impede a pipa de girar sobre o próprio eixo. É o mesmo princípio da pena numa seta.</p><p>A regra prática: quanto mais forte o vento, mais comprida deve ser a rabiola. Com 1,5 m resolve-se a maioria das tardes; os 3 m são para dias em que a pipa não pára quieta.</p><p><strong>Material:</strong> fita de polipropileno<br><strong>Comprimentos:</strong> 1,5 m e 3 m<br><strong>Montagem:</strong> prende na ponta inferior, em segundos</p><p>Rabiola a mais também tem custo: acima do necessário, tira sustentação e a pipa precisa de mais vento para subir. Começa pela curta e sobe se for preciso.</p>",Ventos do Norte,Rabiolas,"Rabiolas, Acessórios, Estabilidade",FALSE,Comprimento,"1,5 m",VDN-RABI-COL-150,45,shopify,45,deny,manual,3.90,,TRUE,TRUE,g,,,,"Rabiola Colorida para Pipa — 1,5 e 3 m | Ventos do Norte",Rabiola em fita colorida que estabiliza a pipa em vento irregular. Montagem em segundos.,draft,Fita de polipropileno,,
rabiola-colorida,,,,,,,,3 m,VDN-RABI-COL-300,45,shopify,35,deny,manual,5.90,,TRUE,TRUE,g,,,,,,,,,
peteca-altiva-sport,Peteca Altiva Sport,"<p>Peteca oficial Altiva Sport, com penas naturais seleccionadas e base de borracha montada em camadas.</p><p>A base em camadas é o que faz o voo ser previsível. Cada disco de borracha absorve uma parte do impacto, o que trava a peteca sem a devolver descontrolada — sobe direita e desce no mesmo sítio. As penas naturais têm curvatura irregular, e é isso que dá o travão suave no fim da subida, coisa que a pena sintética não reproduz.</p><p>É a peteca da roda: praia, jardim, parque, entre pessoas que só querem que ela não caia. Também serve para jogo a sério, mas é na roda que o voo estável se nota mais — ninguém tem de correr atrás dela.</p><p><strong>Penas:</strong> naturais seleccionadas<br><strong>Base:</strong> borracha em camadas<br><strong>Peso:</strong> cerca de 35 g<br><strong>Marca:</strong> Altiva</p><p>Guarda em local seco e sem peso por cima. Pena natural molhada perde a forma ao secar, e uma peteca com pena torta deixa de voar a direito.</p>",Altiva,Petecas,"Petecas, Altiva, Praia, Pena natural",FALSE,Cor,Branco,ALT-PETE-SPT-BRA,35,shopify,26,deny,manual,9.90,,TRUE,TRUE,g,SUBSTITUIR_PELO_URL_DO_ADMIN/peteca-altiva-branca.jpg,1,"Peteca Altiva Sport com penas naturais, fundo branco",Peteca Altiva Sport com penas naturais | Ventos do Norte,"Peteca oficial Altiva Sport, penas naturais e base de borracha. Voo estável para a roda na praia.",draft,Pena natural · base de borracha,,
peteca-altiva-sport,,,,,,,,Tricolor,ALT-PETE-SPT-TRI,35,shopify,20,deny,manual,10.90,,TRUE,TRUE,g,,,,,,,,,
peteca-altiva-sport,,,,,,,,Neon,ALT-PETE-SPT-NEO,35,shopify,20,deny,manual,10.90,,TRUE,TRUE,g,,,,,,,,,
peteca-altiva-sport,,,,,,,,,,,,,,,,,,,,SUBSTITUIR_PELO_URL_DO_ADMIN/peteca-altiva-tricolor.jpg,2,,,,,,,
peteca-altiva-sport,,,,,,,,,,,,,,,,,,,,SUBSTITUIR_PELO_URL_DO_ADMIN/peteca-altiva-neon.jpg,3,,,,,,,
bola-futevolei-altinha,Bola Oficial de Futevôlei Altinha,"<p>A nossa bola oficial, com revestimento em PU de toque macio e costura reforçada, calibrada para o altinha.</p><p>O equilíbrio é tudo neste jogo. Uma bola pesada magoa no toque de cabeça ao fim de meia hora; uma leve demais é levada pelo vento da praia e a roda desfaz-se. Esta fica no meio: tem massa suficiente para manter a trajectória com vento lateral e revestimento macio para aguentar uma tarde inteira de cabeceios sem deixar a testa a arder.</p><p>A costura reforçada é o que a mantém redonda depois de muitas horas na areia — é aí que uma bola barata começa a ganhar bicos e a saltar torta.</p><p><strong>Revestimento:</strong> PU premium<br><strong>Pressão recomendada:</strong> 6 a 8 lbs<br><strong>Peso:</strong> cerca de 420 g<br><strong>Uso:</strong> praia, parque, jardim e treino</p><p>Lubrifica a agulha antes de encher e não passes das 8 lbs. Acima disso a costura sofre, e é a costura que segura a bola redonda.</p>",Ventos do Norte,Futevôlei,"Futevôlei, Altinha, Praia, Bolas",FALSE,Tamanho,Oficial,VDN-BOLA-ALT-OFI,420,shopify,20,deny,manual,24.90,,TRUE,TRUE,g,SUBSTITUIR_PELO_URL_DO_ADMIN/bola-futevolei-vdn-marca.jpg,1,"Bola de futevôlei da Ventos do Norte, fundo branco",Bola Oficial de Futevôlei Altinha em PU | Ventos do Norte,"Bola oficial de futevôlei e altinha em PU, toque macio e costura reforçada. Para praia, parque e jardim.",draft,PU premium · 6–8 lbs,,
bola-futevolei-altinha,,,,,,,,,,,,,,,,,,,,SUBSTITUIR_PELO_URL_DO_ADMIN/bola-futevolei-ultratermo.jpg,2,,,,,,,
bola-futevolei-altinha,,,,,,,,,,,,,,,,,,,,SUBSTITUIR_PELO_URL_DO_ADMIN/bola-futevolei-approved.jpg,3,,,,,,,
bola-futevolei-altinha,,,,,,,,,,,,,,,,,,,,SUBSTITUIR_PELO_URL_DO_ADMIN/bola-futevolei-frente.jpg,4,,,,,,,
kit-primeira-pipa,Kit Primeira Pipa,"<p>Tudo o que é preciso para a primeira tarde de vento, numa só caixa.</p><p>Quem nunca empinou compra a pipa e descobre em casa que falta a linha. Compra a linha e descobre no parque que sem carretel não se solta. Este kit existe para essa segunda viagem não acontecer: sai da caixa e vai voar.</p><p>Escolhemos a pipa laminada de propósito — é a que aguanta os erros do início, e no início erra-se muito. A rabiola de 1,5 m vem incluída porque é o acessório que a maioria dos principiantes não sabe que precisa, e é o que separa uma tarde boa de uma tarde a ver a pipa rodopiar.</p><p><strong>Poupança:</strong> 4,30 € face aos artigos comprados em separado</p><p>A pipa vem com estampa sortida. Se preferires escolher, compra os artigos em separado — sai um pouco mais caro, mas escolhes o desenho.</p>",Ventos do Norte,Kits,"Kits, Iniciante, Presente, Pipas",FALSE,Tamanho,Kit completo,VDN-KIT-PRIM-COMP,700,shopify,12,deny,manual,29.90,34.20,TRUE,TRUE,g,,,,"Kit Primeira Pipa — pipa, linha e carretel | Ventos do Norte","Kit completo para começar: pipa, carretel de madeira, 250 m de linha encerada e rabiola. Poupa 4,30 €.",draft,"4 artigos · poupa 4,30 €","Pipa Ilustrada (estampa sortida)|Carretel de Madeira 18 cm|Linha Encerada 250 m|Rabiola Colorida 1,5 m",Para quem vai empinar pela primeira vez
kit-praia,Kit Praia,"<p>A bola oficial de futevôlei e duas petecas Altiva, para o dia não depender de um jogo só.</p><p>Um dia inteiro de praia não se joga todo da mesma maneira. A bola pede espaço e gente disposta a correr; quando isso cansa, ou quando a roda encolhe para três pessoas, passa-se à peteca — que se joga parado e com qualquer número. E quando o vento levanta a meio da tarde, a peteca continua a funcionar onde a bola já não obedece.</p><p>São duas petecas de propósito: uma perde-se na água, fica presa numa sombra, ou vai embora com alguém. Com duas o jogo não acaba por causa disso.</p><p><strong>Poupança:</strong> 3,90 € face aos artigos comprados em separado</p><p>As cores das petecas são sortidas. A bola vai sempre com a marca Ventos do Norte impressa.</p>",Ventos do Norte,Kits,"Kits, Praia, Futevôlei, Petecas",FALSE,Tamanho,Kit completo,VDN-KIT-PRAIA-COMP,520,shopify,10,deny,manual,42.90,46.80,TRUE,TRUE,g,SUBSTITUIR_PELO_URL_DO_ADMIN/bola-futevolei-vdn-marca.jpg,1,"Kit com bola de futevôlei e duas petecas, fundo branco",Kit Praia — bola de futevôlei e petecas | Ventos do Norte,"Bola oficial de futevôlei e duas petecas Altiva num só kit. Poupa 3,90 € face aos artigos em separado.",draft,"3 artigos · poupa 3,90 €",Bola Oficial de Futevôlei Altinha|Peteca Altiva Sport (cor sortida)|Peteca Altiva Sport (cor sortida),Para quem passa o dia na praia com amigos
